Title,Id,Year,Seasons,Maturity Rating,Genre,Synopsis
,81313531,2023,1,U/A 16+ ,Drama,"In the cartel-run town of Gulaabgunj, an unprecedented opium deal pulls a big-city cop and a lovesick mechanic into its chaotic clutches."
,80192098,2017,5,A ,Thrillers,Eight thieves take hostages and lock themselves in the Royal Mint of Spain as a criminal mastermind manipulates the police to carry out his plan.
,81671440,2023,1,U/A 13+ ,Romance,"Amid a tense inheritance fight, a charming heir clashes with his hardworking employee who's known for her irresistible smile — which he cannot stand."
,80057918,2016,6,U/A 16+ ,Drama,"Bored with being the Lord of Hell, the devil relocates to Los Angeles, where he opens a nightclub and forms a connection with a homicide detective."
,81231974,2022,1,U/A 13+ ,Fantasy,"Smart, sarcastic and a little dead inside, Wednesday Addams investigates a murder spree while making new friends — and foes — at Nevermore Academy."
,80189685,2019,3,A ,Fantasy,"Geralt of Rivia, a mutated monster-hunter for hire, journeys toward his destiny in a turbulent world where people often prove more wicked than beasts."
,80002479,2013,6,A ,Drama,"A notorious gang in 1919 Birmingham, England, is led by the fierce Tommy Shelby, a crime boss set on moving up in the world no matter the cost."
,80197526,2019,3,A ,Comedies,"Insecure Otis has all the answers when it comes to sex advice, thanks to his therapist mother. So rebel Maeve proposes a school sex-therapy clinic."
,81183491,2020,2,A ,Thrillers,"A group of small-town young men run a lucrative phishing operation, until a corrupt politician wants in on their scheme — and a cop wants to fight it."
,80179190,2020,4,U/A 13+ ,Comedies,"After a traumatic year, an Indian-American teen just wants to spruce up her social status — but friends, family and feelings won’t make it easy on her."
,81076756,2019,2,A ,Drama,"Following the police force as they investigate high-profile crimes in Delhi, this series has seasons inspired by both real and fictional events."
,81183494,2020,2,A ,Drama,An undercover assignment to expose a drug ring becomes a timid Mumbai constable’s road to empowerment as she realizes her dormant sexuality's potential.
,81479822,2023,2,A ,Drama,"Four eminent Indian directors explore sex, desire and love through short films in this sequel to 2018's Emmy-nominated ""Lust Stories."""
,81383247,2023,1,U/A 7+ ,Kids,"After a guardian of magical jewels turns an awkward girl and a popular boy into superheroes, they can never reveal their identities — even to each other."
,80241318,2018,4,U/A 16+ ,Drama,"When a plane mysteriously lands years after takeoff, the people onboard return to a world that has moved on without them and face strange new realities."
,80237245,2023,1,U/A 7+ ,Kids,"A stick-wielding monkey teams with a young girl on an epic quest for immortality, battling demons, dragons, gods — and his own ego — along the way."
,80025172,2015,3,A ,Drama,The true story of Colombia's infamously violent and powerful drug cartels fuels this gritty gangster drama series.
,81040344,2021,1,A ,Thrillers,"Hundreds of cash-strapped players accept a strange invitation to compete in children's games. Inside, a tempting prize awaits — with deadly high stakes."
,80057281,2016,4,U/A 16+ ,Sci-Fi,"When a young boy vanishes, a small town uncovers a mystery involving secret experiments, terrifying supernatural forces and one strange little girl."
,80200575,2020,2,A ,Thrillers,"An aimless gamer and his two friends find themselves in a parallel Tokyo, where they're forced to compete in a series of sadistic games to survive."
,81290872,2022,1,U/A 13+ ,Drama,"As a righteous cop pursues a merciless criminal in Bihar, he finds himself navigating a deadly chase and a moral battle mired in corruption."
,81323551,2020,2,U/A 16+ ,Action,"Noodle shop employees by day and demon hunters by night, the Counters use special abilities to chase down malevolent spirits that prey on humans."
,80130521,2017,4,U/A 7+ ,Kids,"After stumbling into a school for witches, a bumbling heroine comes to realize that she just might belong there. Based on Jill Murphy's beloved books."
,80232926,2020,3,U/A 16+ ,Drama,"In a Norwegian town poisoned by pollution and rattled by melting glaciers, the End Times feel all too real. It’ll take a legend to battle an old evil."
,81009646,2020,5,U/A 7+ ,Kids,Six teens invited to attend a state-of-the-art adventure camp on Isla Nublar must band together to survive when the dinosaurs break out of captivity.
,81025696,2021,2,A ,Drama,"Free-spirited Georgia and her two kids, Ginny and Austin, move north in search of a fresh start but find that the road to new beginnings can be bumpy."
,80115328,2018,2,A ,Drama,"A link in their pasts leads an honest cop to a fugitive gang boss, whose cryptic warning spurs the officer on a quest to save Mumbai from cataclysm."
,81090319,2020,2,A ,Thrillers,"Married Alma spends a fateful weekend away from home that ignites passion, ends in tragedy and leads her to question the truth about those close to her."
,81214929,2023,1,U/A 13+ ,Documentaries,Travel around the world with author Dan Buettner to discover five unique communities where people live extraordinarily long and vibrant lives.
,80104198,2018,3,U/A 7+ ,Sci-Fi,"After crash-landing on an alien planet, the Robinson family fights against all odds to survive and escape. But they're surrounded by hidden dangers."
,81237994,2022,1,A ,Horror,A high school becomes ground zero for a zombie virus outbreak. Trapped students must fight their way out — or turn into one of the rabid infected.
,81361096,2023,1,U/A 16+ ,Drama,"Fame. Money. Power. Seo A-ri achieves social media stardom overnight — but deadly consequences await in this glitzy, gilded world of influencers."
,81273085,2020,8,U ,Kids,"Learn letters, numbers, animal sounds and more with JJ in this musical series that brings fun times with nursery rhymes for the whole family!"
,81111279,2023,1,U/A 16+ ,Documentaries,"This docuseries follows the rise and fall of Veerappan, a dreaded smuggler whose bloody reign sparked a 20-year-long manhunt in south India."
,81227574,2022,2,U/A 7+ ,Kids,"Legendary warrior Po teams up with an elite English knight on a global quest to rescue magical weapons, restore his reputation — and save the world!"
,81221380,2021,2,U/A 16+ ,Drama,"On an epic adventure across a post-apocalyptic world, a lovable boy who's part human and part deer searches for family and home with a gruff protector."
,81159258,2019,1,U/A 13+ ,Romance,"A paragliding mishap drops a South Korean heiress in North Korea -- and into the life of an army officer, who decides he will help her hide."
,81443393,2023,1,U/A 16+ ,Drama,"When an NRI bridegroom is found dead days before his wedding, two cops must unravel the troubling case as turbulence unfolds in their own lives."
,81518991,2022,1,A ,Drama,Brilliant attorney Woo Young-woo tackles challenges in the courtroom and beyond as a newbie at a top law firm and a woman on the autism spectrum.
,81633804,2023,2,U/A 16+ ,Action,"In the 1970s, an undercover Indian spy takes on a deadly mission to expose a covert nuclear weapons program in the heart of Pakistan."
,80991848,2021,2,A ,Drama,A woman's daring sexual past collides with her married-with-kids present when the bad-boy ex she can't stop fantasizing about crashes back into her life.
,80241318,2018,4,U/A 16+ ,Drama,"When a plane mysteriously lands years after takeoff, the people onboard return to a world that has moved on without them and face strange new realities."
,80179190,2020,4,U/A 13+ ,Comedies,"After a traumatic year, an Indian-American teen just wants to spruce up her social status — but friends, family and feelings won’t make it easy on her."
,80025172,2015,3,A ,Drama,The true story of Colombia's infamously violent and powerful drug cartels fuels this gritty gangster drama series.
,80241027,2020,5,A ,Reality TV,"On the shores of paradise, gorgeous singles meet and mingle. But there’s a twist. To win an enticing grand prize, they’ll have to give up sex."
,81214929,2023,1,U/A 13+ ,Documentaries,Travel around the world with author Dan Buettner to discover five unique communities where people live extraordinarily long and vibrant lives.
,80057281,2016,4,U/A 16+ ,Sci-Fi,"When a young boy vanishes, a small town uncovers a mystery involving secret experiments, terrifying supernatural forces and one strange little girl."
,80104198,2018,3,U/A 7+ ,Sci-Fi,"After crash-landing on an alien planet, the Robinson family fights against all odds to survive and escape. But they're surrounded by hidden dangers."
,81025696,2021,2,A ,Drama,"Free-spirited Georgia and her two kids, Ginny and Austin, move north in search of a fresh start but find that the road to new beginnings can be bumpy."
,81497817,2023,1,A ,Reality TV,Couples who prove their compatibility gain the power to make or break other matches in this strategic and seductive dating competition.
,80113647,2016,3,A ,Drama,America's fate rests in the hands of a low-level official after an attack on Washington decimates the government in this gripping political thriller.
,81292203,2022,2,A ,Reality TV,Get hitched or call it quits? Couples put their love to the test — while shacking up with other potential matches — in a provocative reality series.
,81149450,2022,2,A ,Drama,"In this sequel to ""Vikings,"" a hundred years have passed and a new generation of legendary heroes arises to forge its own destiny — and make history."
,81303831,2022,2,U/A 16+ ,Thrillers,"Sidelined after an accident, hotshot Los Angeles lawyer Mickey Haller restarts his career — and his trademark Lincoln — when he takes on a murder case."
,80117470,2017,4,A ,Drama,High school student Clay Jensen lands in the center of a series of heartbreaking mysteries set in motion by a friend's tragic suicide.
,81221380,2021,2,U/A 16+ ,Drama,"On an epic adventure across a post-apocalyptic world, a lovable boy who's part human and part deer searches for family and home with a gruff protector."
,80211991,2018,4,A ,Thrillers,"A dangerously charming, intensely obsessive young man goes to extreme measures to insert himself into the lives of those he is transfixed by."
,80133042,2017,3,A ,Thrillers,"This drama series chronicles the true story of the rise, capture and escape of notorious Mexican drug lord Joaquín ""El Chapo"" Guzmán."
,81037371,2020,3,U/A 16+ ,Comedies,"After landing her dream job in Paris, Chicago marketing exec Emily Cooper embraces her adventurous new life while juggling work, friends and romance."
,80236318,2020,3,A ,Drama,"On an island of haves and have-nots, teen John B enlists his three best friends to hunt for a legendary treasure linked to his father's disappearance."
,81450827,2023,1,U/A 16+ ,Thrillers,"While monitoring an emergency line, a vigilant FBI agent answers a call that plunges him into a deadly conspiracy involving a mole at the White House."
,80097140,2018,2,A ,Sci-Fi,"After 250 years on ice, a prisoner returns to life in a new body with one chance to win his freedom: by solving a mind-bending murder."
,80177458,2020,3,A ,Sci-Fi,"Earth has frozen over and the last surviving humans live on a giant train circling the globe, struggling to coexist amid the delicate balance onboard."
,81476183,2023,1,A ,Drama,"Young Queen Charlotte's marriage to King George of England sparks an epic love story and transforms high society in this ""Bridgerton"" universe prequel."
,81324724,2023,1,U/A 13+ ,Comedies,A new love story unfolds when teen matchmaker Kitty reunites with her long-distance boyfriend at the same boarding school attended by her late mother.
,80218200,2018,4,A ,Action,"After striking out on his own, Batman's former partner Dick Grayson encounters a number of troubled young heroes in desperate need of a mentor."
,80241239,2020,3,A ,Fantasy,"After their dad's murder, three siblings move with their mom to his ancestral estate, where they discover magical keys that unlock powers — and secrets."
,80179905,2018,2,A ,Comedies,"A bullied teenager turns to beauty pageants as a way to exact her revenge, with the help of a disgraced coach who soon realizes he's in over his head."
,81287562,2022,1,A ,Drama,"Across more than a decade, 17 teen boys and young men were murdered by convicted killer Jeffrey Dahmer. How did he evade arrest for so long?"
,80117552,2017,4,A ,Thrillers,"A financial adviser drags his family from Chicago to the Missouri Ozarks, where he must launder $500 million in five years to appease a drug boss."
,80084447,2016,4,U/A 16+ ,Sci-Fi,The life of typical teen Clary Fray is upended when she learns that she's part of a race of demon-hunting humans who have the blood of angels.
,80236319,2021,2,U/A 16+ ,Fantasy,Dark forces conspire against orphan mapmaker Alina Starkov when she unleashes an extraordinary power that could change the fate of her war-torn world.
,80232398,2020,2,A ,Drama,The eight close-knit siblings of the Bridgerton family look for love and happiness in London high society. Inspired by Julia Quinn's bestselling novels.
,80114855,2017,2,A ,Thrillers,In the late 1970s two FBI agents expand criminal science by delving into the psychology of murder and getting uneasily close to all-too-real monsters.
,70242311,2013,7,A ,Comedies,"When a past crime catches up with her, a privileged New Yorker ends up in a women's prison, where she quickly makes friends and foes."
,80223989,2018,4,A ,Horror,"Magic and mischief collide as half-human, half-witch Sabrina navigates between two worlds: mortal teen life and her family's legacy, the Church of Night."
,70178217,2013,6,A ,Thrillers,"A ruthless politician will stop at nothing to conquer Washington, D.C., in this Emmy and Golden Globe-winning political drama."
,80234304,2020,1,A ,Drama,"In a 1950s orphanage, a young girl reveals an astonishing talent for chess and begins an unlikely journey to stardom while grappling with addiction."
,80177342,2018,4,U/A 16+ ,Comedies,Three suburban moms orchestrate a local grocery store heist to escape financial ruin and establish independence -- together.
,80186863,2019,3,U/A 16+ ,Action,"Reunited by their father's death, estranged siblings with extraordinary powers uncover shocking family secrets -- and a looming threat to humanity."
,81479822,2023,2,A ,Drama,"Four eminent Indian directors explore sex, desire and love through short films in this sequel to 2018's Emmy-nominated ""Lust Stories."""
,81076756,2019,2,A ,Drama,"Following the police force as they investigate high-profile crimes in Delhi, this series has seasons inspired by both real and fictional events."
,81183494,2020,2,A ,Drama,An undercover assignment to expose a drug ring becomes a timid Mumbai constable’s road to empowerment as she realizes her dormant sexuality's potential.
,81183491,2020,2,A ,Thrillers,"A group of small-town young men run a lucrative phishing operation, until a corrupt politician wants in on their scheme — and a cop wants to fight it."
,81111279,2023,1,U/A 16+ ,Documentaries,"This docuseries follows the rise and fall of Veerappan, a dreaded smuggler whose bloody reign sparked a 20-year-long manhunt in south India."
,80115328,2018,2,A ,Drama,"A link in their pasts leads an honest cop to a fugitive gang boss, whose cryptic warning spurs the officer on a quest to save Mumbai from cataclysm."
,81290872,2022,1,U/A 13+ ,Drama,"As a righteous cop pursues a merciless criminal in Bihar, he finds himself navigating a deadly chase and a moral battle mired in corruption."
,80211492,2019,3,U ,Kids,An innocent toddler’s boundless curiosity -- and extraordinary might -- lead to mischief and adventure in his small Indian town.
,81633804,2023,2,U/A 16+ ,Action,"In the 1970s, an undercover Indian spy takes on a deadly mission to expose a covert nuclear weapons program in the heart of Pakistan."
,81313283,2023,1,A ,Thrillers,"Rana Naidu is the go-to problem solver for the rich and famous. But when his father is released from jail, the one mess he can't handle may be his own."
,81229406,2023,1,A ,Drama,Three students from a poor neighborhood join an exclusive high school for Delhi elite where dark secrets and rumors ultimately lead to murder.
,80220079,2020,2,A ,Romance,"After a disastrous set-up by their families, two teens strike up a tentative friendship at their summer program — but deeper feelings aren’t far behind."
,81443393,2023,1,U/A 16+ ,Drama,"When an NRI bridegroom is found dead days before his wedding, two cops must unravel the troubling case as turbulence unfolds in their own lives."
,81011159,2016,4,U/A 16+ ,Comedies,"A cohabiting couple in their 20s navigate the ups and downs of work, modern-day relationships and finding themselves in contemporary Mumbai."
,80991033,2018,2,A ,Romance,"In the companion to 2013's ""Bombay Talkies,"" four short films by four of India's biggest directors explore love, sex and relationships in modern India."
,81249783,2021,2,U/A 13+ ,Comedies,"In a city of coaching centers known to train India’s finest collegiate minds, an earnest but unexceptional student and his friends navigate campus life."
,81305487,2023,1,U/A 16+ ,Thrillers,A flight attendant and her boyfriend must steal a cache of diamonds to clear an old debt — but the plan spins into mayhem when the plane is hijacked.
,81180964,2020,2,A ,Reality TV,"Cameras follow the banter and bonding between four fun-loving women from Bollywood’s inner circle as they juggle professions, family and friendship."
,81121023,2019,1,U ,TV Variety & Talk Shows,"""King of Bollywood"" Shah Rukh Khan opens up about his rise to fame, his family and his billions of fans as he and Dave meet up in Mumbai and New York."
,80225885,2019,1,A ,Thrillers,"Years after a disastrous job in Balochistan, a former Indian spy must confront his past when he returns to lead an unsanctioned hostage-rescue mission."
,81308413,2020,1,U/A 16+ ,Drama,Modernity confronts tradition in post-Partition India as a young student resists an arranged marriage and a politician’s son has a transgressive affair.
,81095095,2021,1,A ,Documentaries,"Suicide, murder... or something else? This docuseries examines chilling truths and theories around the deaths of 11 members of a Delhi family."
,81292944,2020,1,U/A 13+ ,Drama,Flight Lieutenant Gunjan Saxena makes history in her journey from aspiring aviator to India’s first female combat pilot in the Kargil War.
,81004536,2021,1,A ,Drama,"From boardrooms to society’s margins, five ambitious women navigate dreams, desires and disappointments in modern Mumbai. Contains underage drug use."
,81617079,2023,1,U/A 13+ ,Documentaries,"Featuring archival footage and in-depth celebrity interviews, this docuseries celebrates the life and legacy of Bollywood filmmaking titan Yash Chopra."
,81225175,2022,1,A ,Thrillers,A veteran cop sees the chance to prove himself when murder and a stranger's grisly torture plot shake the walls of a sleepy desert town.
,81206929,2021,2,A ,Drama,Four shorts explore the surprising ways in which unexpected catalysts inflame the uncomfortable emotions simmering under fractured relationships.
,81281063,2022,1,A ,Drama,"Living under an alias, a former police informant is summoned to infiltrate a major drug empire but uncovers a dangerous connection to his dark past."
,81312464,2023,1,U/A 16+ ,Reality TV,Eight social media stars forgo their fame and followers as they vie for the title of ultimate influencer in this unpredictable reality show.
,80245450,2018,1,A ,Horror,"When a new prisoner at a military detention center exhibits eerie behavior, a young interrogator’s search for the truth becomes a battle for survival."
,81417638,2023,1,U/A 16+ ,Drama,"The shocking murder of a journalist thrusts a leading crime reporter into a nexus of police, media and the Mumbai underworld as she fights for justice."
,81511260,2023,1,U/A 13+ ,Drama,"When two prized jackfruits disappear from a politician's garden, a spirited cop's investigation takes an unexpected turn as she digs for the truth."
,81497215,2021,2,U/A 13+ ,Action,"A tailor gains special powers after being struck by lightning, but must take down an unexpected foe if he is to become the superhero his hometown needs."
,81294132,2020,2,U/A 13+ ,Romance,"Eager to marry but constantly rejected by women, a bachelor hopes to win over a former crush by accepting help from an unlikely source: her mother."
,81181080,2021,1,U/A 16+ ,Comedies,"In this unabashed comedy, a quirky novelist's offbeat opinions ruffle feathers with his soon-to-be-ex-wife... and almost everyone else he meets."
,81324386,2021,1,U/A 16+ ,Comedies,"With satirical sketches, cheeky debates and blistering roasts, 16 of India’s wittiest entertainers compete in teams to be named the ultimate comedy champs."
,81122196,2020,2,A ,Comedies,"Real life mom-daughter duo Neena and Masaba Gupta play versions of themselves in this playful, fictional peek into their lives in fashion and film."
,81189912,2019,1,U/A 13+ ,Action,"A notorious thief allies with a street racer for a grand heist involving an elaborate game of deceit with authorities, who have their own dirty secrets."
,80194558,2018,1,U/A 13+ ,Drama,Two teen cricket prodigies struggle against their overbearing father and a system stacked against them to realize their own ambitions and identities.
,81110816,2022,1,U/A 16+ ,Romance,"When an earnest matchmaker moves into an office next to a cynical divorce attorney, their bitter conflict is complicated by a growing attraction."
,81633804,2023,2,U/A 16+ ,Action,"In the 1970s, an undercover Indian spy takes on a deadly mission to expose a covert nuclear weapons program in the heart of Pakistan."
,81416533,2023,2,U/A 13+ ,Action,An intelligence operative for a shadowy global peacekeeping agency races to stop a hacker from stealing its most valuable — and dangerous — weapon.
,80209746,2018,1,A ,Action,A woman left for dead in the desert after a harrowing assault embarks on a brutal and bloody quest for revenge against the three men who betrayed her.
,81098494,2023,2,A ,Action,"Back from the brink of death, highly skilled commando Tyler Rake takes on another dangerous mission: saving the imprisoned family of a ruthless gangster."
,81399639,2022,2,A ,Action,"A man wakes up missing his memories. Directed by a mysterious voice from a device in his ear, he sets off on a hostage rescue mission rife with danger."
,81313229,2021,2,A ,Action,"Before he was a protector, Kenshin was a fearsome assassin known as Battosai. But when he meets the gentle Tomoe Yukishiro, his story begins to change."
,81245455,2022,1,U/A 13+ ,Action,"When an explosion in the Norwegian mountains awakens an ancient troll, officials appoint a fearless paleontologist to stop it from wreaking deadly havoc."
,81497215,2021,2,U/A 13+ ,Action,"A tailor gains special powers after being struck by lightning, but must take down an unexpected foe if he is to become the superhero his hometown needs."
,81410784,2021,2,A ,Action,"A special forces operative traveling from London to Paris with his girlfriend takes action when armed, ruthless mercenaries seize control of their train."
,81176353,2022,1,U/A 16+ ,Drama,"After a failed sabotage mission, a trio of anti-apartheid freedom fighters ends up in a tense bank hostage situation. Based on a true story."
,81292944,2020,1,U/A 13+ ,Drama,Flight Lieutenant Gunjan Saxena makes history in her journey from aspiring aviator to India’s first female combat pilot in the Kargil War.
,81509213,2022,1,U/A 16+ ,Action,"Having cleared his name, genius mechanic Lino has only one goal in mind: getting revenge on the corrupt cops who killed his brother and his mentor."
,81576597,2023,2,A ,Action,A steely special ops agent finds his morality put to the test when he infiltrates a crime syndicate and unexpectedly bonds with the boss' young son.
,80210920,2023,1,U/A 16+ ,Action,A military-trained assassin comes out of hiding to protect the daughter she's never met from ruthless criminals gunning for revenge.
,81465109,2023,1,U/A 13+ ,Sci-Fi,"In a post-apocalyptic near-future, a researcher at an AI lab leads the effort to end a civil war by cloning the brain of a heroic soldier — her mother."
,80220426,2022,1,U/A 16+ ,Thrillers,"To end an apocalyptic war and save her daughter, a reluctant soldier embarks on a desperate mission to cross a frozen sea carrying a top-secret cargo."
,81458368,2022,1,A ,Action,"When enemies from the past kill his wife and brother-in-law, a former mafia enforcer and his daughter flee to Milan to plot their revenge."
,81058695,2022,1,U/A 16+ ,Action,A mysterious loner living a quiet life with her dog battles the elements and her own dark past when a neighbor's little girl is kidnapped during a storm.
,80218306,2019,1,U/A 16+ ,Sci-Fi,"Stranded at a summer camp when aliens attack the planet, four teens with nothing in common embark on a perilous mission to save the world."
,80223052,2019,1,A ,Action,"An assassin on the verge of retirement must put the good life on hold when his greedy boss sends a squad of young, ruthless killers to take him out."
,81189912,2019,1,U/A 13+ ,Action,"A notorious thief allies with a street racer for a grand heist involving an elaborate game of deceit with authorities, who have their own dirty secrets."
,81280035,2023,2,A ,Thrillers,"Haunted by an unsolved murder, brilliant but disgraced London police detective John Luther breaks out of prison to hunt down a sadistic serial killer."
,81478985,2023,2,A ,Action,"At work, she's a renowned assassin. At home, she's a single mom to a teenage daughter. Killing? That's easy. It's parenting that's the hard part."
,80171678,2017,1,A ,Action,"When his son's mom runs afoul of Paris's criminal underworld, a thrill-seeking superbike racer begins moonlighting as a drug courier to clear her debt."
,80192187,2019,2,A ,Action,"Loyalties are tested when five former special forces operatives reunite to steal a drug lord's fortune, unleashing a chain of unintended consequences."
,80148162,2018,2,A ,Action,"After sparing a girl's life during a massacre, an elite Triad assassin is targeted by an onslaught of murderous gangsters."
,81000511,2018,1,A ,Action,"Hell-bent on avenging the murder of his family, a former detective infiltrates a remote island that serves as a prison for vicious death row criminals."
,81504698,2021,2,U/A 13+ ,Fantasy,"While trying to free her sister from Fahai's clutches, Xiao Qing winds up in a dystopian city and meets a mysterious man who can't recall his past life."
,80993105,2018,1,U/A 13+ ,Drama,An orphaned boy raised by animals in the jungle seizes his destiny while confronting a dangerous enemy -- and his own human origins.
,81161626,2021,1,U/A 13+ ,Action,An FBI profiler pursuing the world's most wanted art thief becomes his reluctant partner in crime to catch an elusive crook who's always one step ahead.
,80041653,2016,1,A ,Drama,"Besieged by overwhelming enemy forces, Irish soldiers on a U.N. peacekeeping mission in Africa valiantly defend their outpost in this true story."
,80178280,2017,1,U/A 16+ ,Thrillers,"When armed gunmen seize the Iranian Embassy in 1980, a tense six-day standoff ensues while elite British soldiers prepare for a dangerous raid."
,81453003,2021,1,U/A 13+ ,Thrillers,"In a world where humans and superheroes coexist, a lone wolf cop teams up with a bright detective to dismantle a dark plot to extract superpowers."
,81212842,2023,1,U/A 13+ ,Comedies,"After starting their own detective agency, Nick and Audrey Spitz land a career-making case when their billionaire pal is kidnapped from his wedding."
,81041495,2020,1,U/A 16+ ,Action,"After his life is saved by a rogue Iraqi squadron, a young police officer joins them in their fight against ISIS in a decimated Mosul."
,81074110,2021,1,A ,Sci-Fi,"In the near future, a drone pilot sent into a war zone finds himself paired with a top-secret android officer on a mission to stop a nuclear attack."
,81388316,2022,1,U/A 16+ ,Action,The last officer standing on a remote missile defense base wages the battle of her life against terrorists aiming 16 stolen nuclear weapons at the US.
,81031178,2018,1,U/A 16+ ,Action,Naval unit PASKAL is among the most elite special forces in Malaysia. But all bets are off when one of its own stages a hijacking. Based on true events.
,80204465,2020,1,U/A 16+ ,Action,"An ex-soldier, a teen and a cop collide in New Orleans as they hunt for the source behind a dangerous new pill that grants users temporary superpowers."
,80238399,2020,1,U/A 7+ ,Comedies,What do you do if your parents are kidnapped by a crew of international thieves? You begin a wild overnight adventure — complete with spy gear.
,80197526,2019,3,A ,Comedies,"Insecure Otis has all the answers when it comes to sex advice, thanks to his therapist mother. So rebel Maeve proposes a school sex-therapy clinic."
,80002479,2013,6,A ,Drama,"A notorious gang in 1919 Birmingham, England, is led by the fierce Tommy Shelby, a crime boss set on moving up in the world no matter the cost."
,80057281,2016,4,U/A 16+ ,Sci-Fi,"When a young boy vanishes, a small town uncovers a mystery involving secret experiments, terrifying supernatural forces and one strange little girl."
,80200575,2020,2,A ,Thrillers,"An aimless gamer and his two friends find themselves in a parallel Tokyo, where they're forced to compete in a series of sadistic games to survive."
,81040344,2021,1,A ,Thrillers,"Hundreds of cash-strapped players accept a strange invitation to compete in children's games. Inside, a tempting prize awaits — with deadly high stakes."
,80074249,2015,5,A ,Drama,"As Alfred the Great defends his kingdom from Norse invaders, Uhtred -- born a Saxon but raised by Vikings -- seeks to claim his ancestral birthright."
,80115328,2018,2,A ,Drama,"A link in their pasts leads an honest cop to a fugitive gang boss, whose cryptic warning spurs the officer on a quest to save Mumbai from cataclysm."
,81149450,2022,2,A ,Drama,"In this sequel to ""Vikings,"" a hundred years have passed and a new generation of legendary heroes arises to forge its own destiny — and make history."
,80025678,2016,5,A ,Drama,"Inspired by real events, this fictional dramatization tells the story of Queen Elizabeth II and the political and personal events that shaped her reign."
,80211991,2018,4,A ,Thrillers,"A dangerously charming, intensely obsessive young man goes to extreme measures to insert himself into the lives of those he is transfixed by."
,81237994,2022,1,A ,Horror,A high school becomes ground zero for a zombie virus outbreak. Trapped students must fight their way out — or turn into one of the rabid infected.
,81221380,2021,2,U/A 16+ ,Drama,"On an epic adventure across a post-apocalyptic world, a lovable boy who's part human and part deer searches for family and home with a gruff protector."
,80200942,2018,6,A ,Drama,"When three working-class teens enroll in an exclusive private school in Spain, the clash between them and the wealthy students leads to murder."
,81518991,2022,1,A ,Drama,Brilliant attorney Woo Young-woo tackles challenges in the courtroom and beyond as a newbie at a top law firm and a woman on the autism spectrum.
,81287562,2022,1,A ,Drama,"Across more than a decade, 17 teen boys and young men were murdered by convicted killer Jeffrey Dahmer. How did he evade arrest for so long?"
,81519223,2022,1,A ,Drama,"Years after surviving horrific abuse in high school, a woman puts an elaborate revenge scheme in motion to make the perpetrators pay for their crimes."
,81476183,2023,1,A ,Drama,"Young Queen Charlotte's marriage to King George of England sparks an epic love story and transforms high society in this ""Bridgerton"" universe prequel."
,80218200,2018,4,A ,Action,"After striking out on his own, Batman's former partner Dick Grayson encounters a number of troubled young heroes in desperate need of a mentor."
,81011159,2016,4,U/A 16+ ,Comedies,"A cohabiting couple in their 20s navigate the ups and downs of work, modern-day relationships and finding themselves in contemporary Mumbai."
,70242311,2013,7,A ,Comedies,"When a past crime catches up with her, a privileged New Yorker ends up in a women's prison, where she quickly makes friends and foes."
,81249783,2021,2,U/A 13+ ,Comedies,"In a city of coaching centers known to train India’s finest collegiate minds, an earnest but unexceptional student and his friends navigate campus life."
,80117552,2017,4,A ,Thrillers,"A financial adviser drags his family from Chicago to the Missouri Ozarks, where he must launder $500 million in five years to appease a drug boss."
,80236319,2021,2,U/A 16+ ,Fantasy,Dark forces conspire against orphan mapmaker Alina Starkov when she unleashes an extraordinary power that could change the fate of her war-torn world.
,80114855,2017,2,A ,Thrillers,In the late 1970s two FBI agents expand criminal science by delving into the psychology of murder and getting uneasily close to all-too-real monsters.
,80234304,2020,1,A ,Drama,"In a 1950s orphanage, a young girl reveals an astonishing talent for chess and begins an unlikely journey to stardom while grappling with addiction."
,80232398,2020,2,A ,Drama,The eight close-knit siblings of the Bridgerton family look for love and happiness in London high society. Inspired by Julia Quinn's bestselling novels.
,70178217,2013,6,A ,Thrillers,"A ruthless politician will stop at nothing to conquer Washington, D.C., in this Emmy and Golden Globe-winning political drama."
,80177342,2018,4,U/A 16+ ,Comedies,Three suburban moms orchestrate a local grocery store heist to escape financial ruin and establish independence -- together.
,81002370,2018,5,U/A 13+ ,Action,"Decades after the tournament that changed their lives, the rivalry between Johnny and Daniel reignites in this sequel to the ""Karate Kid"" films."
,81180964,2020,2,A ,Reality TV,"Cameras follow the banter and bonding between four fun-loving women from Bollywood’s inner circle as they juggle professions, family and friendship."
,80186863,2019,3,U/A 16+ ,Action,"Reunited by their father's death, estranged siblings with extraordinary powers uncover shocking family secrets -- and a looming threat to humanity."
,81587446,2023,1,U/A 13+ ,Reality TV,One hundred contestants in top physical shape compete in a series of grueling challenges to claim the honor — and cash reward — as the last one standing.
,81095095,2021,1,A ,Documentaries,"Suicide, murder... or something else? This docuseries examines chilling truths and theories around the deaths of 11 members of a Delhi family."
,81004536,2021,1,A ,Drama,"From boardrooms to society’s margins, five ambitious women navigate dreams, desires and disappointments in modern Mumbai. Contains underage drug use."
,80209229,2022,1,A ,Horror,"Bizarre nightmares unfold in eight tales of terror in this visually stunning, spine-tingling horror collection curated by Guillermo del Toro."
,80997085,2018,3,A ,Drama,"Witness the birth of the Mexican drug war in the 1980s as a gritty new ""Narcos"" saga chronicles the true story of the Guadalajara cartel's ascent."
,81649877,2023,1,U/A 16+ ,Comedies,A mother with a heart of gold navigates the cutthroat world of private education when her daughter tries to join a celebrity math instructor’s class.
,80235864,2018,1,U/A 16+ ,Drama,"After helping thwart a terrorist attack, a war veteran is assigned to protect a politician who was a main proponent of the very conflict he fought in."
,70264888,2011,6,A ,Drama,"Twisted tales run wild in this mind-bending anthology series that reveals humanity's worst traits, greatest innovations and more."
,80049832,2019,2,U/A 7+ ,Documentaries,Experience our planet's natural beauty and examine how climate change impacts all living creatures in this ambitious documentary of spectacular scope.
,81443485,2023,1,U/A 16+ ,Documentaries,"Follow a group of competitors as they train for the 2022 Invictus Games, a global sporting event founded by Prince Harry for wounded service members."
,80049832,2019,2,U/A 7+ ,Documentaries,Experience our planet's natural beauty and examine how climate change impacts all living creatures in this ambitious documentary of spectacular scope.
,81307163,2023,1,U/A 13+ ,Documentaries,"In 2014, a plane with 239 people aboard vanishes from all radar. This docuseries delves into one of our greatest modern mysteries: Flight MH370."
,81243961,2022,1,U/A 7+ ,Documentaries,Witness the remarkable story of our universe over billions of years and its inextricable link to life on Earth in this sweeping documentary series.
,81384842,2022,1,U/A 16+ ,Documentaries,"In 1990s Mumbai, a crime boss and his network wield unchecked power over the city — until the rise of ""encounter cops,"" who brazenly kill their targets."
,80989924,2019,1,U/A 16+ ,Documentaries,"From the attack on Pearl Harbor to D-Day, the most pivotal events of World War II come to life in this vivid docuseries featuring colorized footage."
,81095095,2021,1,A ,Documentaries,"Suicide, murder... or something else? This docuseries examines chilling truths and theories around the deaths of 11 members of a Delhi family."
,81617079,2023,1,U/A 13+ ,Documentaries,"Featuring archival footage and in-depth celebrity interviews, this docuseries celebrates the life and legacy of Bollywood filmmaking titan Yash Chopra."
,81410436,2023,1,U/A 13+ ,Documentaries,Money holds power over us — but it doesn't have to. Finance expert Ramit Sethi works with people across the US to help them achieve their richest lives.
,81353947,2022,1,U/A 7+ ,Documentaries,"In this wildlife drama, a worsening dry season in the Kalahari Desert leaves prides, packs and herds to rely on the power of family to survive."
,81026055,2020,3,U/A 16+ ,Documentaries,"Real cases of perplexing disappearances, shocking murders and paranormal encounters fuel this gripping revival of the iconic documentary series."
,81170676,2022,1,U/A 7+ ,Documentaries,"Follow the adventures of baby lions, elephants, penguins, pangolins and more as they learn to navigate the highs and lows of life in the wild."
,81498384,2022,1,A ,Documentaries,"A modern take on the British royal drama, this steamy series offers a window into the lives of history's deadliest, sexiest and most iconic monarchs."
,81488464,2021,1,U/A 16+ ,Documentaries,Gripping historical footage and expert commentary give detailed insights into the leading figures and decisive turning points of World War II.
,80244996,2019,1,U/A 7+ ,Documentaries,Embark on a global cultural journey into street food and discover the stories of the people who create the flavorful dishes.
,81439256,2022,1,U/A 16+ ,Documentaries,"From their courtship to their exit from royal life, Harry and Meghan share their complex journey in their own words in this docuseries."
,80204890,2019,5,U/A 16+ ,Documentaries,"Drivers, managers and team owners live life in the fast lane — both on and off the track — during each cutthroat season of Formula 1 racing."
,81211003,2022,1,U/A 13+ ,Documentaries,"Journalist Graham Hancock travels the globe hunting for evidence of mysterious, lost civilizations dating back to the last Ice Age."
,81005126,2022,1,U/A 16+ ,Documentaries,"Beloved worldwide but also a lightning rod for criticism, Neymar shares the highs and lows of his personal life and brilliant football career."
,80990073,2020,1,U/A 13+ ,Documentaries,"This investigative docuseries explores the greed, fraud and corruption that built up — and ultimately brought down — India’s most infamous tycoons."
,80990771,2020,2,A ,Documentaries,Ottoman Sultan Mehmed II wages an epic campaign to take the Byzantine capital of Constantinople and shapes the course of history for centuries.
,81018709,2021,1,U/A 7+ ,Documentaries,"Though claims of extraterrestrial encounters have long been dismissed, many believe the existence of UFOs is not just likely, but a certainty."
,81312877,2022,1,U/A 7+ ,Documentaries,Financial advisers share their simple tips on spending less and saving more with people looking to take control of their funds and achieve their goals.
,81036559,2021,1,U/A 7+ ,Documentaries,"Using innovative technology, this docuseries explores nature from a fresh perspective as animals use color to survive and thrive in the wild."
,81230204,2023,1,U/A 16+ ,Documentaries,"As Egypt's last pharaoh, Cleopatra fights to protect her throne, family and legacy in this docudrama featuring reenactments and expert interviews."
,81000068,2021,1,U/A 16+ ,Documentaries,Cameras following Bengaluru police on the job offer a rare glimpse into the complex and challenging inner workings of four major crime investigations.
,81098586,2019,2,A ,Documentaries,"Ever wonder what's happening inside your head? From dreaming to anxiety disorders, discover how your brain works with this illuminating series."
,80989772,2021,1,U/A 16+ ,Documentaries,"Ruling with an iron fist requires an aspiring dictator to know the playbook for absolute power, as history's despots prove in this sardonic docuseries."
,81315804,2021,1,A ,Documentaries,"This unflinching series documents the 9/11 terrorist attacks, from Al Qaeda's roots in the 1980s to America's response, both at home and abroad."
,81644798,2023,1,A ,Documentaries,"Showing both testimonies side-by-side for the first time, this series explores the trial that set Hollywood ablaze and the online fallout that ensued."
,81312835,2022,4,U/A 7+ ,Documentaries,"Bomman and Bellie, a couple in south India, devote their lives to caring for an orphaned baby elephant named Raghu, forging a family like no other."
,81610578,2022,1,A ,Documentaries,"A vicious predator’s brutal — and murderous — pursuit of women sends a faltering police force on a wild hunt, while a state reels in terror."
,81028336,2020,1,U/A 13+ ,Documentaries,"In this revealing documentary, Taylor Swift embraces her role as a songwriter and performer — and as a woman harnessing the full power of her voice."
,80096545,2016,3,A ,Documentaries,"This stylish mix of documentary and lavish historical epic chronicles the turbulent, violent reigns of Commodus, Julius Caesar and Caligula."
,80145240,2018,1,A ,Documentaries,"When a controversial cult leader builds a utopian city in the Oregon desert, conflict with the locals escalates into a national scandal."
,81424332,2022,1,U/A 16+ ,Documentaries,A community of amateur traders enacts a daring plan to get rich quick and wreak havoc on the stock market. But can they beat Wall Street at its own game?
,81447086,2022,1,U/A 7+ ,Documentaries,Cat experts dive into the mind of the feline to reveal the true capabilities of the pouncing pet in this captivating and cuddly documentary.
,81111324,2022,2,U/A 16+ ,Documentaries,Elon Musk and SpaceX engineers embark on a historic mission to return NASA astronauts to the International Space Station and revolutionize space travel.
,81074662,2021,5,U/A 13+ ,Documentaries,They've built a movement out of minimalism. Longtime friends Joshua Fields Millburn and Ryan Nicodemus share how our lives can be better with less.
,80118100,2018,2,U/A 16+ ,Documentaries,"From crippling payday loans to cars that cheat emissions tests, this investigative series exposes brazen acts of corporate greed and corruption."
,81290872,2022,1,U/A 13+ ,Drama,"As a righteous cop pursues a merciless criminal in Bihar, he finds himself navigating a deadly chase and a moral battle mired in corruption."
,81094382,2019,1,U/A 13+ ,Comedies,"From the death of romance in marriage to the injustices of modern-day parenting, Amit Tandon shares wisdom and wisecracks as a battle-scarred family guy."
,81229406,2023,1,A ,Drama,Three students from a poor neighborhood join an exclusive high school for Delhi elite where dark secrets and rumors ultimately lead to murder.
,80991033,2018,2,A ,Romance,"In the companion to 2013's ""Bombay Talkies,"" four short films by four of India's biggest directors explore love, sex and relationships in modern India."
,81313283,2023,1,A ,Thrillers,"Rana Naidu is the go-to problem solver for the rich and famous. But when his father is released from jail, the one mess he can't handle may be his own."
,81011159,2016,4,U/A 16+ ,Comedies,"A cohabiting couple in their 20s navigate the ups and downs of work, modern-day relationships and finding themselves in contemporary Mumbai."
,80220079,2020,2,A ,Romance,"After a disastrous set-up by their families, two teens strike up a tentative friendship at their summer program — but deeper feelings aren’t far behind."
,81305487,2023,1,U/A 16+ ,Thrillers,A flight attendant and her boyfriend must steal a cache of diamonds to clear an old debt — but the plan spins into mayhem when the plane is hijacked.
,81076113,2020,1,U/A 16+ ,Thrillers,"When a doctor gets jailed for a string of shocking murders, his loyal wife sets out to commit a copycat crime to prove his innocence."
,81249783,2021,2,U/A 13+ ,Comedies,"In a city of coaching centers known to train India’s finest collegiate minds, an earnest but unexceptional student and his friends navigate campus life."
,80225885,2019,1,A ,Thrillers,"Years after a disastrous job in Balochistan, a former Indian spy must confront his past when he returns to lead an unsanctioned hostage-rescue mission."
,81095095,2021,1,A ,Documentaries,"Suicide, murder... or something else? This docuseries examines chilling truths and theories around the deaths of 11 members of a Delhi family."
,80202134,2017,1,U/A 7+ ,Reality TV,Athletes from India and five other countries battle for honor on the toughest obstacle course ever created. Sarah-Jane Dias and Vidyut Jammwal host.
,81386962,2022,5,U/A 13+ ,Comedies,"From the liquid courage behind his tweets to the sobering realities of making it in Mumbai, Kapil's pouring his heart out — with a heavy glug of humor."
,81225175,2022,1,A ,Thrillers,A veteran cop sees the chance to prove himself when murder and a stranger's grisly torture plot shake the walls of a sleepy desert town.
,81004536,2021,1,A ,Drama,"From boardrooms to society’s margins, five ambitious women navigate dreams, desires and disappointments in modern Mumbai. Contains underage drug use."
,81292944,2020,1,U/A 13+ ,Drama,Flight Lieutenant Gunjan Saxena makes history in her journey from aspiring aviator to India’s first female combat pilot in the Kargil War.
,81324386,2021,1,U/A 16+ ,Comedies,"With satirical sketches, cheeky debates and blistering roasts, 16 of India’s wittiest entertainers compete in teams to be named the ultimate comedy champs."
,81177241,2021,2,U/A 13+ ,Drama,"A devoted grandson’s mission to reunite his ailing grandmother with her ancestral home turns into a complicated, comic cross-border affair."
,81417638,2023,1,U/A 16+ ,Drama,"The shocking murder of a journalist thrusts a leading crime reporter into a nexus of police, media and the Mumbai underworld as she fights for justice."
,80245450,2018,1,A ,Horror,"When a new prisoner at a military detention center exhibits eerie behavior, a young interrogator’s search for the truth becomes a battle for survival."
,81511260,2023,1,U/A 13+ ,Drama,"When two prized jackfruits disappear from a politician's garden, a spirited cop's investigation takes an unexpected turn as she digs for the truth."
,81312464,2023,1,U/A 16+ ,Reality TV,Eight social media stars forgo their fame and followers as they vie for the title of ultimate influencer in this unpredictable reality show.
,81189912,2019,1,U/A 13+ ,Action,"A notorious thief allies with a street racer for a grand heist involving an elaborate game of deceit with authorities, who have their own dirty secrets."
,81294132,2020,2,U/A 13+ ,Romance,"Eager to marry but constantly rejected by women, a bachelor hopes to win over a former crush by accepting help from an unlikely source: her mother."
,81206929,2021,2,A ,Drama,Four shorts explore the surprising ways in which unexpected catalysts inflame the uncomfortable emotions simmering under fractured relationships.
,80222951,2019,1,U/A 16+ ,Thrillers,"In a near-future world where an oppressive regime segregates society, one woman skirts the system to search for the daughter taken from her years ago."
,81122196,2020,2,A ,Comedies,"Real life mom-daughter duo Neena and Masaba Gupta play versions of themselves in this playful, fictional peek into their lives in fashion and film."
,80194558,2018,1,U/A 13+ ,Drama,Two teen cricket prodigies struggle against their overbearing father and a system stacked against them to realize their own ambitions and identities.
,81144153,2021,2,U/A 16+ ,Thrillers,A troubled divorcée fixates on a seemingly ideal couple from afar until a shocking observation sends her spiraling straight into a knotty murder case.
,81423081,2022,1,U/A 16+ ,Drama,"Haunted by her past, a talented singer with a rising career copes with the pressure of success, a mother's disdain and the voices of doubt within her."
,81110816,2022,1,U/A 16+ ,Romance,"When an earnest matchmaker moves into an office next to a cynical divorce attorney, their bitter conflict is complicated by a growing attraction."
,81061789,2020,1,U/A 16+ ,Horror,"Hired to displace tribal villagers to make way for a new highway, officials unearth an old curse and an army of British soldier-zombies."
,81173113,2022,1,U/A 16+ ,Romance,"Relentlessly pursued by a powerful politician’s daughter who will do anything to make him hers, a man slips down a dark, risky path to reclaim his life."
,81133092,2022,1,U/A 16+ ,Drama,"When India’s most famous actress goes missing, the search for her chips away at the flawless facade of her life and family, revealing painful truths."
,81116486,2020,1,A ,Drama,"When a college heartthrob is accused of rape by a less popular student, his girlfriend navigates various versions of the story in search of the truth."
,81269716,2020,2,A ,Thrillers,"When a newly married landlord is murdered, a misfit cop’s investigation is complicated by the victim’s secretive family and his own conflicted heart."
,80997361,2020,1,U/A 16+ ,Thrillers,"Demoted to an academy job, a cop trains five foolhardy students as assassins in his risky revenge plot against police corruption and the underworld."
,81537953,2022,2,U/A 16+ ,Comedies,"Badru hopes her volatile husband will reform if he stops drinking. But when his rage goes too far, she and her mom boldly, albeit clumsily, seek revenge."
,81074367,2018,1,A ,Drama,"A couple’s caustic, increasingly jarring interactions over a Mumbai evening strain their relationship until it threatens to break at its fraying seams."
,81090319,2020,2,A ,Thrillers,"Married Alma spends a fateful weekend away from home that ignites passion, ends in tragedy and leads her to question the truth about those close to her."
,81025696,2021,2,A ,Drama,"Free-spirited Georgia and her two kids, Ginny and Austin, move north in search of a fresh start but find that the road to new beginnings can be bumpy."
,80212986,2020,3,A ,Drama,"A writer in creative and marital crises finds support from three friends, who are also discovering themselves. Based on the novels by Elísabet Benavent."
,80025678,2016,5,A ,Drama,"Inspired by real events, this fictional dramatization tells the story of Queen Elizabeth II and the political and personal events that shaped her reign."
,81037371,2020,3,U/A 16+ ,Comedies,"After landing her dream job in Paris, Chicago marketing exec Emily Cooper embraces her adventurous new life while juggling work, friends and romance."
,81518991,2022,1,A ,Drama,Brilliant attorney Woo Young-woo tackles challenges in the courtroom and beyond as a newbie at a top law firm and a woman on the autism spectrum.
,81361096,2023,1,U/A 16+ ,Drama,"Fame. Money. Power. Seo A-ri achieves social media stardom overnight — but deadly consequences await in this glitzy, gilded world of influencers."
,81509440,2022,1,U/A 13+ ,Romance,"In disguise as her friend, Ha-ri shows up to a blind date to scare him away. But plans go awry when he turns out to be her CEO — and makes a proposal."
,81416533,2023,2,U/A 13+ ,Action,An intelligence operative for a shadowy global peacekeeping agency races to stop a hacker from stealing its most valuable — and dangerous — weapon.
,80220079,2020,2,A ,Romance,"After a disastrous set-up by their families, two teens strike up a tentative friendship at their summer program — but deeper feelings aren’t far behind."
,81140470,2021,2,A ,Comedies,"To build an innovative sex app and win a tech competition, a sexually inexperienced student and her friends must explore the daunting world of intimacy."
,70242311,2013,7,A ,Comedies,"When a past crime catches up with her, a privileged New Yorker ends up in a women's prison, where she quickly makes friends and foes."
,81324724,2023,1,U/A 13+ ,Comedies,A new love story unfolds when teen matchmaker Kitty reunites with her long-distance boyfriend at the same boarding school attended by her late mother.
,80236319,2021,2,U/A 16+ ,Fantasy,Dark forces conspire against orphan mapmaker Alina Starkov when she unleashes an extraordinary power that could change the fate of her war-torn world.
,80179905,2018,2,A ,Comedies,"A bullied teenager turns to beauty pageants as a way to exact her revenge, with the help of a disgraced coach who soon realizes he's in over his head."
,81011159,2016,4,U/A 16+ ,Comedies,"A cohabiting couple in their 20s navigate the ups and downs of work, modern-day relationships and finding themselves in contemporary Mumbai."
,80186863,2019,3,U/A 16+ ,Action,"Reunited by their father's death, estranged siblings with extraordinary powers uncover shocking family secrets -- and a looming threat to humanity."
,81260283,2020,1,U/A 16+ ,Fantasy,"A modern-day Korean emperor passes through a mysterious portal and into a parallel world, where he encounters a feisty police detective."
,80234304,2020,1,A ,Drama,"In a 1950s orphanage, a young girl reveals an astonishing talent for chess and begins an unlikely journey to stardom while grappling with addiction."
,80198991,2017,7,A ,Comedies,"Maternity leave is over and it's time for these four moms to return to work while navigating kids, bosses, love and life in modern-day Toronto."
,81430282,2021,1,U/A 16+ ,Romance,"When the crown prince is killed, his twin sister assumes the throne while trying to keep her identity and affection for her first love a royal secret."
,70285581,2014,7,A ,Drama,This epic tale adapted from Diana Gabaldon's popular series of fantasy-romance novels focuses on the drama of two time-crossed lovers.
,81004536,2021,1,A ,Drama,"From boardrooms to society’s margins, five ambitious women navigate dreams, desires and disappointments in modern Mumbai. Contains underage drug use."
,81649877,2023,1,U/A 16+ ,Comedies,A mother with a heart of gold navigates the cutthroat world of private education when her daughter tries to join a celebrity math instructor’s class.
,81308413,2020,1,U/A 16+ ,Drama,Modernity confronts tradition in post-Partition India as a young student resists an arranged marriage and a politician’s son has a transgressive affair.
,81026251,2018,2,U/A 7+ ,Music Non-Fiction,"Taylor Swift takes the stage in Dallas for the reputation Stadium Tour and celebrates a monumental night of music, memories and visual magic."
,80240027,2019,4,U/A 16+ ,Drama,"Searching for a fresh start, a nurse practitioner moves from LA to a remote northern California town and is surprised by what — and who — she finds."
,80218885,2022,2,U/A 13+ ,Fantasy,Best friends Sophie and Agatha find their bond put to the test when they're whisked away to a magical school for future fairy-tale heroes and villains.
,81476441,2022,2,A ,Romance,Unhappily married aristocrat Lady Chatterley begins a torrid affair — and falls deeply in love — with the gamekeeper on her husband's country estate.
,81104486,2022,1,A ,Drama,"An artist finds romance with a chef in Italy and embarks on a life-changing journey of love, loss, resilience and hope across cultures and continents."
,81059939,2022,2,U/A 13+ ,Romance,Teens Charlie and Nick discover their unlikely friendship might be something more as they navigate school and young love in this coming-of-age series.
,81517168,2022,1,U/A 13+ ,Drama,"In a time when dreams seem out of reach, a teen fencer pursues big ambitions and meets a hardworking young man who seeks to rebuild his life."
,81122196,2020,2,A ,Comedies,"Real life mom-daughter duo Neena and Masaba Gupta play versions of themselves in this playful, fictional peek into their lives in fashion and film."
,80239866,2020,3,U/A 16+ ,Drama,"Lifelong friends Maddie, Helen and Dana Sue lift each other up as they juggle relationships, family and careers in the small, Southern town of Serenity."
,81294132,2020,2,U/A 13+ ,Romance,"Eager to marry but constantly rejected by women, a bachelor hopes to win over a former crush by accepting help from an unlikely source: her mother."
,81133092,2022,1,U/A 16+ ,Drama,"When India’s most famous actress goes missing, the search for her chips away at the flawless facade of her life and family, revealing painful truths."
,81472752,2022,2,U/A 13+ ,Romance,"In 1999, a teen girl keeps close tabs on a boy in school on behalf of her deeply smitten best friend – then she gets swept up in a love story of her own."
,81288983,2023,1,A ,Drama,"Amid an international crisis, a career diplomat juggles her new high-profile job as ambassador to the UK and her turbulent marriage to a political star."
,81173113,2022,1,U/A 16+ ,Romance,"Relentlessly pursued by a powerful politician’s daughter who will do anything to make him hers, a man slips down a dark, risky path to reclaim his life."
,81206929,2021,2,A ,Drama,Four shorts explore the surprising ways in which unexpected catalysts inflame the uncomfortable emotions simmering under fractured relationships.
,81383247,2023,1,U/A 7+ ,Kids,"After a guardian of magical jewels turns an awkward girl and a popular boy into superheroes, they can never reveal their identities — even to each other."
,80237245,2023,1,U/A 7+ ,Kids,"A stick-wielding monkey teams with a young girl on an epic quest for immortality, battling demons, dragons, gods — and his own ego — along the way."
,80232926,2020,3,U/A 16+ ,Drama,"In a Norwegian town poisoned by pollution and rattled by melting glaciers, the End Times feel all too real. It’ll take a legend to battle an old evil."
,81323551,2020,2,U/A 16+ ,Action,"Noodle shop employees by day and demon hunters by night, the Counters use special abilities to chase down malevolent spirits that prey on humans."
,81227574,2022,2,U/A 7+ ,Kids,"Legendary warrior Po teams up with an elite English knight on a global quest to rescue magical weapons, restore his reputation — and save the world!"
,81273085,2020,8,U ,Kids,"Learn letters, numbers, animal sounds and more with JJ in this musical series that brings fun times with nursery rhymes for the whole family!"
,81214929,2023,1,U/A 13+ ,Documentaries,Travel around the world with author Dan Buettner to discover five unique communities where people live extraordinarily long and vibrant lives.
,81025696,2021,2,A ,Drama,"Free-spirited Georgia and her two kids, Ginny and Austin, move north in search of a fresh start but find that the road to new beginnings can be bumpy."
,80211991,2018,4,A ,Thrillers,"A dangerously charming, intensely obsessive young man goes to extreme measures to insert himself into the lives of those he is transfixed by."
,81111279,2023,1,U/A 16+ ,Documentaries,"This docuseries follows the rise and fall of Veerappan, a dreaded smuggler whose bloody reign sparked a 20-year-long manhunt in south India."
,81633804,2023,2,U/A 16+ ,Action,"In the 1970s, an undercover Indian spy takes on a deadly mission to expose a covert nuclear weapons program in the heart of Pakistan."
,81361096,2023,1,U/A 16+ ,Drama,"Fame. Money. Power. Seo A-ri achieves social media stardom overnight — but deadly consequences await in this glitzy, gilded world of influencers."
,80025678,2016,5,A ,Drama,"Inspired by real events, this fictional dramatization tells the story of Queen Elizabeth II and the political and personal events that shaped her reign."
,81149450,2022,2,A ,Drama,"In this sequel to ""Vikings,"" a hundred years have passed and a new generation of legendary heroes arises to forge its own destiny — and make history."
,81221380,2021,2,U/A 16+ ,Drama,"On an epic adventure across a post-apocalyptic world, a lovable boy who's part human and part deer searches for family and home with a gruff protector."
,80113612,2015,4,A ,Action,"A top Israeli agent comes out of retirement to hunt for a Palestinian fighter he thought he'd killed, setting a chaotic chain of events into motion."
,81443393,2023,1,U/A 16+ ,Drama,"When an NRI bridegroom is found dead days before his wedding, two cops must unravel the troubling case as turbulence unfolds in their own lives."
,80049832,2019,2,U/A 7+ ,Documentaries,Experience our planet's natural beauty and examine how climate change impacts all living creatures in this ambitious documentary of spectacular scope.
,81037371,2020,3,U/A 16+ ,Comedies,"After landing her dream job in Paris, Chicago marketing exec Emily Cooper embraces her adventurous new life while juggling work, friends and romance."
,81303831,2022,2,U/A 16+ ,Thrillers,"Sidelined after an accident, hotshot Los Angeles lawyer Mickey Haller restarts his career — and his trademark Lincoln — when he takes on a murder case."
,81324724,2023,1,U/A 13+ ,Comedies,A new love story unfolds when teen matchmaker Kitty reunites with her long-distance boyfriend at the same boarding school attended by her late mother.
,81511881,2023,1,U/A 16+ ,Drama,A competitive biker takes the identity of her long-lost identical twin sister to bring her killers to justice and get the truth behind their separation.
,81305487,2023,1,U/A 16+ ,Thrillers,A flight attendant and her boyfriend must steal a cache of diamonds to clear an old debt — but the plan spins into mayhem when the plane is hijacked.
,81450827,2023,1,U/A 16+ ,Thrillers,"While monitoring an emergency line, a vigilant FBI agent answers a call that plunges him into a deadly conspiracy involving a mole at the White House."
,81671426,2023,1,U/A 13+ ,Romance,"Ban Ji-eum can endlessly reincarnate. But when her 18th life gets cut short, she dedicates the next one to finding her now grown-up childhood love."
,80220679,2021,2,A ,Fantasy,"Determined to master their enchanting powers, a group of teens navigate rivalry, romance and supernatural studies at Alfea, a magical boarding school."
,81416533,2023,2,U/A 13+ ,Action,An intelligence operative for a shadowy global peacekeeping agency races to stop a hacker from stealing its most valuable — and dangerous — weapon.
,81553437,2023,1,A ,Thrillers,A married professor is pulled into a passionate affair with a younger man that uncovers a path of tragedy and betrayal from those closest to her.
,81313283,2023,1,A ,Thrillers,"Rana Naidu is the go-to problem solver for the rich and famous. But when his father is released from jail, the one mess he can't handle may be his own."
,81476183,2023,1,A ,Drama,"Young Queen Charlotte's marriage to King George of England sparks an epic love story and transforms high society in this ""Bridgerton"" universe prequel."
,80200942,2018,6,A ,Drama,"When three working-class teens enroll in an exclusive private school in Spain, the clash between them and the wealthy students leads to murder."
,81098494,2023,2,A ,Action,"Back from the brink of death, highly skilled commando Tyler Rake takes on another dangerous mission: saving the imprisoned family of a ruthless gangster."
,81519223,2022,1,A ,Drama,"Years after surviving horrific abuse in high school, a woman puts an elaborate revenge scheme in motion to make the perpetrators pay for their crimes."
,81444051,2023,1,U/A 16+ ,Action,Two young boxers band together with a benevolent moneylender to take down a ruthless loan shark who preys on the financially desperate.
,80236318,2020,3,A ,Drama,"On an island of haves and have-nots, teen John B enlists his three best friends to hunt for a legendary treasure linked to his father's disappearance."
,81443485,2023,1,U/A 16+ ,Documentaries,"Follow a group of competitors as they train for the 2022 Invictus Games, a global sporting event founded by Prince Harry for wounded service members."
,81287562,2022,1,A ,Drama,"Across more than a decade, 17 teen boys and young men were murdered by convicted killer Jeffrey Dahmer. How did he evade arrest for so long?"
,80218200,2018,4,A ,Action,"After striking out on his own, Batman's former partner Dick Grayson encounters a number of troubled young heroes in desperate need of a mentor."
,81294811,2022,2,U/A 7+ ,Kids,"When an explosive battle with Dr. Eggman shatters the universe, Sonic races through parallel dimensions to reconnect with his friends and save the world."
,81478540,2023,1,A ,Horror,"Eight horror-loving friends fight for their lives when a killer clown who seems to know the grim secret they share begins to pick them off, one by one."
,80104198,2018,3,U/A 7+ ,Sci-Fi,"After crash-landing on an alien planet, the Robinson family fights against all odds to survive and escape. But they're surrounded by hidden dangers."
,81237994,2022,1,A ,Horror,A high school becomes ground zero for a zombie virus outbreak. Trapped students must fight their way out — or turn into one of the rabid infected.
,80211991,2018,4,A ,Thrillers,"A dangerously charming, intensely obsessive young man goes to extreme measures to insert himself into the lives of those he is transfixed by."
,81511881,2023,1,U/A 16+ ,Drama,A competitive biker takes the identity of her long-lost identical twin sister to bring her killers to justice and get the truth behind their separation.
,81361096,2023,1,U/A 16+ ,Drama,"Fame. Money. Power. Seo A-ri achieves social media stardom overnight — but deadly consequences await in this glitzy, gilded world of influencers."
,81221380,2021,2,U/A 16+ ,Drama,"On an epic adventure across a post-apocalyptic world, a lovable boy who's part human and part deer searches for family and home with a gruff protector."
,81149450,2022,2,A ,Drama,"In this sequel to ""Vikings,"" a hundred years have passed and a new generation of legendary heroes arises to forge its own destiny — and make history."
,81303831,2022,2,U/A 16+ ,Thrillers,"Sidelined after an accident, hotshot Los Angeles lawyer Mickey Haller restarts his career — and his trademark Lincoln — when he takes on a murder case."
,80113612,2015,4,A ,Action,"A top Israeli agent comes out of retirement to hunt for a Palestinian fighter he thought he'd killed, setting a chaotic chain of events into motion."
,80025678,2016,5,A ,Drama,"Inspired by real events, this fictional dramatization tells the story of Queen Elizabeth II and the political and personal events that shaped her reign."
,80200942,2018,6,A ,Drama,"When three working-class teens enroll in an exclusive private school in Spain, the clash between them and the wealthy students leads to murder."
,81443393,2023,1,U/A 16+ ,Drama,"When an NRI bridegroom is found dead days before his wedding, two cops must unravel the troubling case as turbulence unfolds in their own lives."
,81287562,2022,1,A ,Drama,"Across more than a decade, 17 teen boys and young men were murdered by convicted killer Jeffrey Dahmer. How did he evade arrest for so long?"
,81324724,2023,1,U/A 13+ ,Comedies,A new love story unfolds when teen matchmaker Kitty reunites with her long-distance boyfriend at the same boarding school attended by her late mother.
,80117803,2019,2,U/A 7+ ,Kids,A widowed mom sets out to solve the mystery surrounding her young son's emerging superpowers while keeping his extraordinary gifts under wraps.
,81159258,2019,1,U/A 13+ ,Romance,"A paragliding mishap drops a South Korean heiress in North Korea -- and into the life of an army officer, who decides he will help her hide."
,81249783,2021,2,U/A 13+ ,Comedies,"In a city of coaching centers known to train India’s finest collegiate minds, an earnest but unexceptional student and his friends navigate campus life."
,81011159,2016,4,U/A 16+ ,Comedies,"A cohabiting couple in their 20s navigate the ups and downs of work, modern-day relationships and finding themselves in contemporary Mumbai."
,81518991,2022,1,A ,Drama,Brilliant attorney Woo Young-woo tackles challenges in the courtroom and beyond as a newbie at a top law firm and a woman on the autism spectrum.
,80113647,2016,3,A ,Drama,America's fate rests in the hands of a low-level official after an attack on Washington decimates the government in this gripping political thriller.
,80220679,2021,2,A ,Fantasy,"Determined to master their enchanting powers, a group of teens navigate rivalry, romance and supernatural studies at Alfea, a magical boarding school."
,80236318,2020,3,A ,Drama,"On an island of haves and have-nots, teen John B enlists his three best friends to hunt for a legendary treasure linked to his father's disappearance."
,80220079,2020,2,A ,Romance,"After a disastrous set-up by their families, two teens strike up a tentative friendship at their summer program — but deeper feelings aren’t far behind."
,81365087,2021,1,U/A 16+ ,Drama,"During a visit to his motherland, a Korean-Italian mafia lawyer gives an unrivaled conglomerate a taste of its own medicine with a side of justice."
,81313283,2023,1,A ,Thrillers,"Rana Naidu is the go-to problem solver for the rich and famous. But when his father is released from jail, the one mess he can't handle may be his own."
,81671426,2023,1,U/A 13+ ,Romance,"Ban Ji-eum can endlessly reincarnate. But when her 18th life gets cut short, she dedicates the next one to finding her now grown-up childhood love."
,80117470,2017,4,A ,Drama,High school student Clay Jensen lands in the center of a series of heartbreaking mysteries set in motion by a friend's tragic suicide.
,81476183,2023,1,A ,Drama,"Young Queen Charlotte's marriage to King George of England sparks an epic love story and transforms high society in this ""Bridgerton"" universe prequel."
,80074249,2015,5,A ,Drama,"As Alfred the Great defends his kingdom from Norse invaders, Uhtred -- born a Saxon but raised by Vikings -- seeks to claim his ancestral birthright."
,80177458,2020,3,A ,Sci-Fi,"Earth has frozen over and the last surviving humans live on a giant train circling the globe, struggling to coexist amid the delicate balance onboard."
,81519223,2022,1,A ,Drama,"Years after surviving horrific abuse in high school, a woman puts an elaborate revenge scheme in motion to make the perpetrators pay for their crimes."
,81243992,2020,1,U/A 13+ ,Romance,An extraordinary road to emotional healing opens up for an antisocial children's book writer and a selfless psych ward caretaker when they cross paths.
,81444051,2023,1,U/A 16+ ,Action,Two young boxers band together with a benevolent moneylender to take down a ruthless loan shark who preys on the financially desperate.
,81281063,2022,1,A ,Drama,"Living under an alias, a former police informant is summoned to infiltrate a major drug empire but uncovers a dangerous connection to his dark past."
,81193309,2020,1,U/A 13+ ,Drama,"In a colorful Seoul neighborhood, an ex-con and his friends fight a mighty foe to make their ambitious dreams for their street bar a reality."
,81517188,2022,2,U/A 16+ ,Fantasy,"A powerful sorceress in a blind woman's body encounters a man from a prestigious family, who wants her help to change his destiny."
,81516491,2023,1,A ,Thrillers,An office worker who is insecure about her looks becomes a masked internet personality by night — until a chain of ill-fated events overtakes her life.
,80241239,2020,3,A ,Fantasy,"After their dad's murder, three siblings move with their mom to his ancestral estate, where they discover magical keys that unlock powers — and secrets."
,80117552,2017,4,A ,Thrillers,"A financial adviser drags his family from Chicago to the Missouri Ozarks, where he must launder $500 million in five years to appease a drug boss."
,81002370,2018,5,U/A 13+ ,Action,"Decades after the tournament that changed their lives, the rivalry between Johnny and Daniel reignites in this sequel to the ""Karate Kid"" films."
,81252980,2023,1,A ,Drama,"A talented, voyeuristic hacker finds herself thrust into a dangerous investigation after her sex worker neighbor leaves for a weekend trip."
,81443393,2023,1,U/A 16+ ,Drama,"When an NRI bridegroom is found dead days before his wedding, two cops must unravel the troubling case as turbulence unfolds in their own lives."
,81450827,2023,1,U/A 16+ ,Thrillers,"While monitoring an emergency line, a vigilant FBI agent answers a call that plunges him into a deadly conspiracy involving a mole at the White House."
,81324724,2023,1,U/A 13+ ,Comedies,A new love story unfolds when teen matchmaker Kitty reunites with her long-distance boyfriend at the same boarding school attended by her late mother.
,81287562,2022,1,A ,Drama,"Across more than a decade, 17 teen boys and young men were murdered by convicted killer Jeffrey Dahmer. How did he evade arrest for so long?"
,80220079,2020,2,A ,Romance,"After a disastrous set-up by their families, two teens strike up a tentative friendship at their summer program — but deeper feelings aren’t far behind."
,81553437,2023,1,A ,Thrillers,A married professor is pulled into a passionate affair with a younger man that uncovers a path of tragedy and betrayal from those closest to her.
,81476183,2023,1,A ,Drama,"Young Queen Charlotte's marriage to King George of England sparks an epic love story and transforms high society in this ""Bridgerton"" universe prequel."
,81313283,2023,1,A ,Thrillers,"Rana Naidu is the go-to problem solver for the rich and famous. But when his father is released from jail, the one mess he can't handle may be his own."
,81249783,2021,2,U/A 13+ ,Comedies,"In a city of coaching centers known to train India’s finest collegiate minds, an earnest but unexceptional student and his friends navigate campus life."
,81443485,2023,1,U/A 16+ ,Documentaries,"Follow a group of competitors as they train for the 2022 Invictus Games, a global sporting event founded by Prince Harry for wounded service members."
,81444051,2023,1,U/A 16+ ,Action,Two young boxers band together with a benevolent moneylender to take down a ruthless loan shark who preys on the financially desperate.
,81281063,2022,1,A ,Drama,"Living under an alias, a former police informant is summoned to infiltrate a major drug empire but uncovers a dangerous connection to his dark past."
,81304948,2023,1,A ,Thrillers,"Camila meets her Prince Charming through a dating app. After an idyllic romance, she plans to surprise him — only to end up trapped in a false paradise."
,80225885,2019,1,A ,Thrillers,"Years after a disastrous job in Balochistan, a former Indian spy must confront his past when he returns to lead an unsanctioned hostage-rescue mission."
,80234304,2020,1,A ,Drama,"In a 1950s orphanage, a young girl reveals an astonishing talent for chess and begins an unlikely journey to stardom while grappling with addiction."
,81307163,2023,1,U/A 13+ ,Documentaries,"In 2014, a plane with 239 people aboard vanishes from all radar. This docuseries delves into one of our greatest modern mysteries: Flight MH370."
,80989924,2019,1,U/A 16+ ,Documentaries,"From the attack on Pearl Harbor to D-Day, the most pivotal events of World War II come to life in this vivid docuseries featuring colorized footage."
,81587446,2023,1,U/A 13+ ,Reality TV,One hundred contestants in top physical shape compete in a series of grueling challenges to claim the honor — and cash reward — as the last one standing.
,80209229,2022,1,A ,Horror,"Bizarre nightmares unfold in eight tales of terror in this visually stunning, spine-tingling horror collection curated by Guillermo del Toro."
,81476887,2023,1,U/A 16+ ,Action,A British woman's tranquil life in Barcelona spirals out of control when an armed robbery at a supermarket exposes her secret... and violent past.
,81410436,2023,1,U/A 13+ ,Documentaries,Money holds power over us — but it doesn't have to. Finance expert Ramit Sethi works with people across the US to help them achieve their richest lives.
,81417638,2023,1,U/A 16+ ,Drama,"The shocking murder of a journalist thrusts a leading crime reporter into a nexus of police, media and the Mumbai underworld as she fights for justice."
,80998491,2019,3,A ,Comedies,"Struggling to come to terms with his wife's death, a writer for a newspaper adopts a gruff new persona in an effort to push away those trying to help."
,81059939,2022,2,U/A 13+ ,Romance,Teens Charlie and Nick discover their unlikely friendship might be something more as they navigate school and young love in this coming-of-age series.
,81034661,2021,1,U/A 16+ ,Drama,The bullied outcasts at prestigious Al Rawabi School for Girls plot a series of risky takedowns to get back at their tormentors.
,80992058,2023,1,A ,Thrillers,"A master thief and his crew attempt an epic and elaborate heist worth $7 billion dollars — but betrayal, greed and other threats undermine their plans."
,80189221,2018,1,A ,Horror,"Flashing between past and present, a fractured family confronts haunting memories of their old home and the terrifying events that drove them from it."
,80214497,2022,1,U/A 16+ ,Thrillers,"When mysterious events change the course of an immigrant ship headed for New York in 1899, a mind-bending riddle unfolds for its bewildered passengers."
,81516491,2023,1,A ,Thrillers,An office worker who is insecure about her looks becomes a masked internet personality by night — until a chain of ill-fated events overtakes her life.
,80235864,2018,1,U/A 16+ ,Drama,"After helping thwart a terrorist attack, a war veteran is assigned to protect a politician who was a main proponent of the very conflict he fought in."
,81166770,2021,1,U/A 16+ ,Drama,"After fleeing an abusive relationship, a young mother finds a job cleaning houses as she fights to provide for her child and build them a better future."
,80990771,2020,2,A ,Documentaries,Ottoman Sultan Mehmed II wages an epic campaign to take the Byzantine capital of Constantinople and shapes the course of history for centuries.
,81122196,2020,2,A ,Comedies,"Real life mom-daughter duo Neena and Masaba Gupta play versions of themselves in this playful, fictional peek into their lives in fashion and film."
,81173113,2022,1,U/A 16+ ,Romance,"Relentlessly pursued by a powerful politician’s daughter who will do anything to make him hers, a man slips down a dark, risky path to reclaim his life."
,81133092,2022,1,U/A 16+ ,Drama,"When India’s most famous actress goes missing, the search for her chips away at the flawless facade of her life and family, revealing painful truths."
,81150303,2022,1,A ,Fantasy,"After years of imprisonment, Morpheus — the King of Dreams — embarks on a journey across worlds to find what was stolen from him and restore his power."
,80194558,2018,1,U/A 13+ ,Drama,Two teen cricket prodigies struggle against their overbearing father and a system stacked against them to realize their own ambitions and identities.
,81324386,2021,1,U/A 16+ ,Comedies,"With satirical sketches, cheeky debates and blistering roasts, 16 of India’s wittiest entertainers compete in teams to be named the ultimate comedy champs."
,81447461,2023,1,A ,Comedies,A road rage incident between two strangers — a failing contractor and an unfulfilled entrepreneur — sparks a feud that brings out their darkest impulses.
,81159258,2019,1,U/A 13+ ,Romance,"A paragliding mishap drops a South Korean heiress in North Korea -- and into the life of an army officer, who decides he will help her hide."
,81516491,2023,1,A ,Thrillers,An office worker who is insecure about her looks becomes a masked internet personality by night — until a chain of ill-fated events overtakes her life.
,81517188,2022,2,U/A 16+ ,Fantasy,"A powerful sorceress in a blind woman's body encounters a man from a prestigious family, who wants her help to change his destiny."
,81671426,2023,1,U/A 13+ ,Romance,"Ban Ji-eum can endlessly reincarnate. But when her 18th life gets cut short, she dedicates the next one to finding her now grown-up childhood love."
,81365087,2021,1,U/A 16+ ,Drama,"During a visit to his motherland, a Korean-Italian mafia lawyer gives an unrivaled conglomerate a taste of its own medicine with a side of justice."
,81509440,2022,1,U/A 13+ ,Romance,"In disguise as her friend, Ha-ri shows up to a blind date to scare him away. But plans go awry when he turns out to be her CEO — and makes a proposal."
,81243992,2020,1,U/A 13+ ,Romance,An extraordinary road to emotional healing opens up for an antisocial children's book writer and a selfless psych ward caretaker when they cross paths.
,81239224,2020,2,U/A 16+ ,Drama,"Every day is extraordinary for five doctors and their patients inside a hospital, where birth, death and everything in between coexist."
,81237994,2022,1,A ,Horror,A high school becomes ground zero for a zombie virus outbreak. Trapped students must fight their way out — or turn into one of the rabid infected.
,81361096,2023,1,U/A 16+ ,Drama,"Fame. Money. Power. Seo A-ri achieves social media stardom overnight — but deadly consequences await in this glitzy, gilded world of influencers."
,81193309,2020,1,U/A 13+ ,Drama,"In a colorful Seoul neighborhood, an ex-con and his friends fight a mighty foe to make their ambitious dreams for their street bar a reality."
,81519223,2022,1,A ,Drama,"Years after surviving horrific abuse in high school, a woman puts an elaborate revenge scheme in motion to make the perpetrators pay for their crimes."
,81682438,2023,1,U/A 16+ ,Drama,"Twenty years after leaving her medical career, a housewife returns as a first-year resident — struggling to find her footing in a job full of surprises."
,81473182,2021,1,U/A 16+ ,Romance,"A big-city dentist opens up a practice in a close-knit seaside village, home to a charming jack-of-all-trades who is her polar opposite in every way."
,81669775,2023,1,A ,Drama,A tragic accident leaves an ambitious prosecutor with the mind of a child — forcing him and his mother to embark on a journey to heal their relationship.
,81362748,2021,3,U/A 13+ ,Drama,"Everything comes unraveling for three successful women who work on a radio show as twists, turns and troubles plague their seemingly happy marriages."
,81290293,2020,1,U/A 13+ ,Romance,Young entrepreneurs aspiring to launch virtual dreams into reality compete for success and love in the cutthroat world of Korea's high-tech industry.
,81435649,2021,1,U/A 16+ ,Romance,The intoxicating charm of a flirtatious art school classmate pulls a reluctant love cynic into a friends-with-benefits relationship.
,81260283,2020,1,U/A 16+ ,Fantasy,"A modern-day Korean emperor passes through a mysterious portal and into a parallel world, where he encounters a feisty police detective."
,81444051,2023,1,U/A 16+ ,Action,Two young boxers band together with a benevolent moneylender to take down a ruthless loan shark who preys on the financially desperate.
,81572781,2022,1,U/A 16+ ,Romance,"Inside a national weather service, love proves just as difficult to predict as rain or shine for a diligent forecaster and her free-spirited co-worker."
,81430282,2021,1,U/A 16+ ,Romance,"When the crown prince is killed, his twin sister assumes the throne while trying to keep her identity and affection for her first love a royal secret."
,80997343,2022,1,A ,Thrillers,"Thieves overtake the mint of a unified Korea. With hostages trapped inside, the police must stop them — as well as the shadowy mastermind behind it all."
,81649877,2023,1,U/A 16+ ,Comedies,A mother with a heart of gold navigates the cutthroat world of private education when her daughter tries to join a celebrity math instructor’s class.
,81611740,2022,1,U/A 13+ ,Romance,Four men and women working at the same bank get entangled in a complicated romance as they discover how far they’re willing to go for love.
,81486372,2021,1,U/A 13+ ,Romance,"Years after filming a viral documentary in high school, two bickering ex-lovers get pulled back in front of the camera — and into each other's lives."
,81568842,2022,1,U/A 16+ ,Drama,Romance is sweet and bitter — and life riddled with ups and downs — in multiple stories about people who live and work on bustling Jeju Island.
,81026700,2019,2,U/A 13+ ,Drama,"Due to various personal reasons, a group of Yun Tae-o’s friends move into his house, where they experience love, friendship, and everything in between."
,81045349,2019,1,U/A 13+ ,Romance,A gifted writer who's the youngest editor-in-chief ever at his publishing company gets enmeshed in the life of a former copywriter desperate for a job.
,81095101,2019,1,U/A 16+ ,Action,"When his nephew dies in a plane crash, stunt man Cha Dal-geon resolves to find out what happened, with the help of covert operative Go Hae-ri."
,81243996,2020,1,U/A 13+ ,Drama,"When the ghost of a woman gains a second chance at life for 49 days, she reappears in front of her remarried husband and young daughter."
,81343748,2022,1,A ,Thrillers,An ordinary entrepreneur joins a secret government mission to capture a Korean drug lord operating in South America. Based on true events.
,81090386,2022,1,A ,Thrillers,"When a software developer creates a dating app that a serial killer uses to find his next targets, she’s drawn into a dark world of romance and murder."
,81503460,2022,1,A ,Drama,"Made half-human and half-spirit by accident, a young man is employed by a company of grim reapers in the underworld to carry out special missions."
,81094069,2019,1,U/A 13+ ,Romance,"When Lee Jeong-in and Yu Ji-ho meet, something unexpected happens. Or it just may be that spring is in the air -- and anything is possible."
,81517168,2022,1,U/A 13+ ,Drama,"In a time when dreams seem out of reach, a teen fencer pursues big ambitions and meets a hardworking young man who seeks to rebuild his life."
,81413647,2021,1,U/A 16+ ,Drama,"When a grim incident occurs at their prestigious school, justice through law is put to a test by a tough law professor and his ambitious students."
,81610895,2022,1,U/A 16+ ,Drama,"Three sisters, who only have each other and never enough money, get entangled in a conspiracy involving the rich and powerful."
,81318872,2020,1,U/A 16+ ,Romance,"Veering off course from his preset path, a track star follows his own pace and heart for the first time after a film translator steps into his life."
,81610893,2022,1,U/A 16+ ,Drama,"A spirited queen tries to rein in her rowdy sons in order to make one of them the next king of Joseon, while her competitors vie to snatch the throne."
,80217863,2023,1,U/A 16+ ,Action,"With his straw hat and ragtag crew, young pirate Monkey D. Luffy goes on an epic voyage for treasure in this live-action adaptation of the popular manga."
,81214929,2023,1,U/A 13+ ,Documentaries,Travel around the world with author Dan Buettner to discover five unique communities where people live extraordinarily long and vibrant lives.
,81511881,2023,1,U/A 16+ ,Drama,A competitive biker takes the identity of her long-lost identical twin sister to bring her killers to justice and get the truth behind their separation.
,81175265,2023,1,U/A 13+ ,Romance,"The steady boyfriend. The one who got away. The charming rock star. Who will Cami choose? In this interactive rom-com, her love life is in your hands."
,81236338,2021,2,A ,Anime,"To gain the skills he needs to surpass his powerful father, Baki enters Arizona State Prison to take on the notorious inmate known as Mr. Unchained."
,80232926,2020,3,U/A 16+ ,Drama,"In a Norwegian town poisoned by pollution and rattled by melting glaciers, the End Times feel all too real. It’ll take a legend to battle an old evil."
,81443485,2023,1,U/A 16+ ,Documentaries,"Follow a group of competitors as they train for the 2022 Invictus Games, a global sporting event founded by Prince Harry for wounded service members."
,81552473,2023,1,U/A 16+ ,Comedies,"When a golden opportunity arises to boost the fortunes of a forgotten fishing town, its residents set out to trick their way to making it happen."
,81476887,2023,1,U/A 16+ ,Action,A British woman's tranquil life in Barcelona spirals out of control when an armed robbery at a supermarket exposes her secret... and violent past.
,81669779,2023,1,U/A 16+ ,Romance,A lawyer bound by a centuries-old curse becomes entangled with a civil servant who holds the key to his freedom — igniting an unexpected romance.
,81416306,2023,1,U/A 13+ ,Comedies,BFFs Stacy and Lydia are both planning epic bat mitzvahs. But it all unravels when a popular boy — and middle school drama — threaten to ruin everything.
,81478540,2023,1,A ,Horror,"Eight horror-loving friends fight for their lives when a killer clown who seems to know the grim secret they share begins to pick them off, one by one."
,81686894,2023,1,A ,TV Variety & Talk Shows,"Shin Dong-youp and Sung Si-kyung embark on a laughter-filled journey to Taiwan, aiming to gain a deeper understanding of its sex culture and business."
,81297382,2022,2,U/A 7+ ,Kids,Two clever sheep use karate and high-tech gadgets to protect their flock from a hungry wolf who's determined to make them all his dinner.
,81313531,2023,1,U/A 16+ ,Drama,"In the cartel-run town of Gulaabgunj, an unprecedented opium deal pulls a big-city cop and a lovesick mechanic into its chaotic clutches."
,80189685,2019,3,A ,Fantasy,"Geralt of Rivia, a mutated monster-hunter for hire, journeys toward his destiny in a turbulent world where people often prove more wicked than beasts."
,81671440,2023,1,U/A 13+ ,Romance,"Amid a tense inheritance fight, a charming heir clashes with his hardworking employee who's known for her irresistible smile — which he cannot stand."
,81383247,2023,1,U/A 7+ ,Kids,"After a guardian of magical jewels turns an awkward girl and a popular boy into superheroes, they can never reveal their identities — even to each other."
,81111279,2023,1,U/A 16+ ,Documentaries,"This docuseries follows the rise and fall of Veerappan, a dreaded smuggler whose bloody reign sparked a 20-year-long manhunt in south India."
,80237245,2023,1,U/A 7+ ,Kids,"A stick-wielding monkey teams with a young girl on an epic quest for immortality, battling demons, dragons, gods — and his own ego — along the way."
,81416533,2023,2,U/A 13+ ,Action,An intelligence operative for a shadowy global peacekeeping agency races to stop a hacker from stealing its most valuable — and dangerous — weapon.
,80179190,2020,4,U/A 13+ ,Comedies,"After a traumatic year, an Indian-American teen just wants to spruce up her social status — but friends, family and feelings won’t make it easy on her."
,81323551,2020,2,U/A 16+ ,Action,"Noodle shop employees by day and demon hunters by night, the Counters use special abilities to chase down malevolent spirits that prey on humans."
,81004665,2023,1,U/A 7+ ,Kids,An underdog teen joins a group of young Cadets who've been chosen to bond with Robo Mechs from space and defend Earth against alien invaders.
,81294811,2022,2,U/A 7+ ,Kids,"When an explosive battle with Dr. Eggman shatters the universe, Sonic races through parallel dimensions to reconnect with his friends and save the world."
,81516491,2023,1,A ,Thrillers,An office worker who is insecure about her looks becomes a masked internet personality by night — until a chain of ill-fated events overtakes her life.
,81443393,2023,1,U/A 16+ ,Drama,"When an NRI bridegroom is found dead days before his wedding, two cops must unravel the troubling case as turbulence unfolds in their own lives."
,81479822,2023,2,A ,Drama,"Four eminent Indian directors explore sex, desire and love through short films in this sequel to 2018's Emmy-nominated ""Lust Stories."""
,81303831,2022,2,U/A 16+ ,Thrillers,"Sidelined after an accident, hotshot Los Angeles lawyer Mickey Haller restarts his career — and his trademark Lincoln — when he takes on a murder case."
,81098494,2023,2,A ,Action,"Back from the brink of death, highly skilled commando Tyler Rake takes on another dangerous mission: saving the imprisoned family of a ruthless gangster."
,80218200,2018,4,A ,Action,"After striking out on his own, Batman's former partner Dick Grayson encounters a number of troubled young heroes in desperate need of a mentor."
,81361096,2023,1,U/A 16+ ,Drama,"Fame. Money. Power. Seo A-ri achieves social media stardom overnight — but deadly consequences await in this glitzy, gilded world of influencers."
,81059939,2022,2,U/A 13+ ,Romance,Teens Charlie and Nick discover their unlikely friendship might be something more as they navigate school and young love in this coming-of-age series.
,81035568,2023,2,U/A 7+ ,Kids,An intergalactic bounty hunter takes dad duty to new extremes when his two kids accidentally hitch a ride with him to outer space and crash his mission.
,81564905,2023,1,U/A 13+ ,Anime,"Miyo’s abusive family deems her worthless – but together with her powerful husband-to-be, her true self and hidden powers slowly begin to shine."
,81444051,2023,1,U/A 16+ ,Action,Two young boxers band together with a benevolent moneylender to take down a ruthless loan shark who preys on the financially desperate.
,81669777,2023,1,U/A 16+ ,Comedies,A psychic vet and a detective join forces to crack small-town cases — but their skills are tested when they unravel a chilling serial killer mystery.
,80049832,2019,2,U/A 7+ ,Documentaries,Experience our planet's natural beauty and examine how climate change impacts all living creatures in this ambitious documentary of spectacular scope.
,81009946,2021,8,U ,Kids,"Cute cats, quirky crafts and colorful magic! Join kitty enthusiast Gabby and her sidekick Pandy Paws as they team up for a series of animated adventures."
,81553437,2023,1,A ,Thrillers,A married professor is pulled into a passionate affair with a younger man that uncovers a path of tragedy and betrayal from those closest to her.
,81153694,2021,1,U/A 7+ ,Kids,Determined teen Din is longing to reconnect with his childhood best friend when he meets a wish-granting dragon who shows him the magic of possibilities.
,80994666,2020,1,U/A 7+ ,Kids,"When alien invaders capture Earth’s superheroes, their kids must learn to work together to save their parents — and the planet."
,80993016,2022,1,U/A 7+ ,Kids,An extraordinary girl with a sharp mind and a vivid imagination takes a daring stand to change her story — with miraculous results. Meet Matilda.
,81223075,2019,1,U/A 7+ ,Kids,"After accepting an invitation from a mysterious trainer, Ash, Misty and Brock meet Mewtwo, an artificially created Pokémon who wants to do battle."
,81018682,2022,1,U/A 7+ ,Kids,"When a young girl stows away on the ship of a legendary sea monster hunter, they launch an epic journey into uncharted waters — and make history to boot."
,81312563,2020,1,U/A 7+ ,Kids,"When his best friend Gary is suddenly snatched away, SpongeBob takes Patrick on a madcap mission far beyond Bikini Bottom to save their pink-shelled pal."
,81002813,2021,1,U/A 7+ ,Kids,"They might look dangerous, but these wildly misunderstood creatures have hearts of gold — and they’re breaking out of captivity on a quest to find home."
,81381727,2021,1,U/A 7+ ,Kids,"When a lost and lonely alien crash-lands on Earth, his new crew of talking animal friends helps him get back home — and try to save the world!"
,81011712,2021,1,U/A 7+ ,Kids,A mom and dad who usually say no decide to say yes to their kids' wildest requests — with a few ground rules — on a whirlwind day of fun and adventure.
,80234520,2023,1,U/A 7+ ,Kids,A determined boy accepts a king's challenge to perform three impossible tasks in exchange for a magical elephant — and the chance to chase his destiny.
,81570889,2022,1,U/A 7+ ,Kids,"A spoiled gamer wants to compete in an upcoming tournament, but his mother's illness and an eccentric aunt force him to rethink his priorities."
,81155175,2023,1,U/A 7+ ,Drama,"When his beloved dog goes missing, a young man embarks on an incredible search with his parents to find him and give him life-saving medication."
,80214236,2020,1,U/A 7+ ,Kids,"Fueled by memories of her mother, resourceful Fei Fei builds a rocket to the moon on a mission to prove the existence of a legendary moon goddess."
,81220825,2022,2,U/A 7+ ,Kids,"Joined by a larger-than-life outlaw, a daring young orphan journeys through a land of dreams to find a precious pearl that will grant her greatest wish."
,80988892,2018,1,U/A 7+ ,Kids,"When lonely Mai forms an unlikely bond with a top-secret robot, they embark on an intense, action-packed adventure to foil the plot of a vicious villain."
,81159137,2021,1,U/A 7+ ,Kids,"Two cute, fuzzy creatures accidentally time-travel to the future... where they're extinct! Can this doughnut-shaped duo save their species?"
,81283585,2021,1,U/A 7+ ,Drama,"When a teen in rural India discovers a life-changing passion for skateboarding, she faces a rough road as she follows her dream to compete."
,81194110,2022,1,U/A 7+ ,Romance,"Landing the lead in the school musical is a dream come true for Jodi, until the pressure sends her confidence — and her relationship — into a tailspin."
,80994878,2020,1,U/A 7+ ,Kids,"After blowing a Broadway audition, a self-centered dancer reluctantly returns home and agrees to coach a squad of young hopefuls for a big competition."
,81228331,2022,1,U/A 7+ ,Romance,"New York hairdresser Izzy seizes the chance to work at the wedding of a charming prince, but when sparks between them fly, will love — or duty — prevail?"
,81024153,2020,1,U ,Kids,"Using special powers from a magical mask, a young WWE fan causes chaos when he enters a wrestling competition and fights an intimidating rival."
,80105067,2016,1,U/A 7+ ,Kids,"At Hills Village Middle School, budding cartoonist Rafe and best pal Leo challenge their uptight principal by breaking every rule in his handbook."
,80238399,2020,1,U/A 7+ ,Comedies,What do you do if your parents are kidnapped by a crew of international thieves? You begin a wild overnight adventure — complete with spy gear.
,80992263,2023,1,U/A 7+ ,Kids,"While visiting family in Mexico, a lonely boy befriends a mythical creature hiding on his grandfather's ranch and embarks on the adventure of a lifetime."
,80241136,2020,1,U/A 7+ ,Kids,"A fearless teen leans into the rush of high-speed go-kart racing, backed by good friends — and a surly ex-driver who becomes his coach."
